{
  "HTTP Request-1" : {
    "transaction" : "HTTP Request-1",
    "sampleCount" : 10,
    "errorCount" : 0,
    "errorPct" : 0.0,
    "meanResTime" : 1519.8,
    "medianResTime" : 1559.0,
    "minResTime" : 992.0,
    "maxResTime" : 1887.0,
    "pct1ResTime" : 1885.4,
    "pct2ResTime" : 1887.0,
    "pct3ResTime" : 1887.0,
    "throughput" : 5.170630816959669,
    "receivedKBytesPerSec" : 390.0241161452947,
    "sentKBytesPerSec" : 0.570587189762151
  },
  "Total" : {
    "transaction" : "Total",
    "sampleCount" : 30,
    "errorCount" : 0,
    "errorPct" : 0.0,
    "meanResTime" : 1122.2666666666667,
    "medianResTime" : 1328.5,
    "minResTime" : 133.0,
    "maxResTime" : 2111.0,
    "pct1ResTime" : 2008.3000000000002,
    "pct2ResTime" : 2064.25,
    "pct3ResTime" : 2111.0,
    "throughput" : 13.742556115437472,
    "receivedKBytesPerSec" : 694.1780233623455,
    "sentKBytesPerSec" : 2.022016720109941
  },
  "HTTP Request-0" : {
    "transaction" : "HTTP Request-0",
    "sampleCount" : 10,
    "errorCount" : 0,
    "errorPct" : 0.0,
    "meanResTime" : 163.10000000000002,
    "medianResTime" : 142.0,
    "minResTime" : 133.0,
    "maxResTime" : 249.0,
    "pct1ResTime" : 248.0,
    "pct2ResTime" : 249.0,
    "pct3ResTime" : 249.0,
    "throughput" : 10.362694300518134,
    "receivedKBytesPerSec" : 3.51157707253886,
    "sentKBytesPerSec" : 1.1435395077720207
  },
  "HTTP Request" : {
    "transaction" : "HTTP Request",
    "sampleCount" : 10,
    "errorCount" : 0,
    "errorPct" : 0.0,
    "meanResTime" : 1683.9,
    "medianResTime" : 1701.5,
    "minResTime" : 1146.0,
    "maxResTime" : 2111.0,
    "pct1ResTime" : 2102.5,
    "pct2ResTime" : 2111.0,
    "pct3ResTime" : 2111.0,
    "throughput" : 4.580852038479157,
    "receivedKBytesPerSec" : 347.08901168117274,
    "sentKBytesPerSec" : 1.0110083600549704
  }
}