{
  "HTTP Request-1" : {
    "transaction" : "HTTP Request-1",
    "sampleCount" : 659,
    "errorCount" : 231,
    "errorPct" : 35.053112,
    "meanResTime" : 38772.566009104696,
    "medianResTime" : 44826.0,
    "minResTime" : 3795.0,
    "maxResTime" : 99467.0,
    "pct1ResTime" : 56932.0,
    "pct2ResTime" : 58862.0,
    "pct3ResTime" : 67410.59999999999,
    "throughput" : 6.616665160597206,
    "receivedKBytesPerSec" : 331.68022599827304,
    "sentKBytesPerSec" : 0.47421577708163903
  },
  "Total" : {
    "transaction" : "Total",
    "sampleCount" : 2318,
    "errorCount" : 803,
    "errorPct" : 34.641933,
    "meanResTime" : 25348.964624676402,
    "medianResTime" : 21094.0,
    "minResTime" : 127.0,
    "maxResTime" : 99694.0,
    "pct1ResTime" : 53375.6,
    "pct2ResTime" : 57398.2,
    "pct3ResTime" : 65390.179999999986,
    "throughput" : 23.215054732646298,
    "receivedKBytesPerSec" : 675.2307898989975,
    "sentKBytesPerSec" : 2.402671001962964
  },
  "HTTP Request-0" : {
    "transaction" : "HTTP Request-0",
    "sampleCount" : 659,
    "errorCount" : 0,
    "errorPct" : 0.0,
    "meanResTime" : 322.40971168437,
    "medianResTime" : 226.0,
    "minResTime" : 127.0,
    "maxResTime" : 17033.0,
    "pct1ResTime" : 328.0,
    "pct2ResTime" : 340.0,
    "pct3ResTime" : 364.39999999999986,
    "throughput" : 37.39007092198582,
    "receivedKBytesPerSec" : 12.670268173758865,
    "sentKBytesPerSec" : 4.12605274822695
  },
  "HTTP Request" : {
    "transaction" : "HTTP Request",
    "sampleCount" : 1000,
    "errorCount" : 572,
    "errorPct" : 57.2,
    "meanResTime" : 32995.31099999998,
    "medianResTime" : 21396.0,
    "minResTime" : 4075.0,
    "maxResTime" : 99694.0,
    "pct1ResTime" : 54080.8,
    "pct2ResTime" : 57824.35,
    "pct3ResTime" : 66014.77,
    "throughput" : 10.015122835481577,
    "receivedKBytesPerSec" : 342.15115018991173,
    "sentKBytesPerSec" : 1.201335500981482
  }
}