{
  "HTTP Request-1" : {
    "transaction" : "HTTP Request-1",
    "sampleCount" : 100,
    "errorCount" : 0,
    "errorPct" : 0.0,
    "meanResTime" : 18062.97,
    "medianResTime" : 20205.0,
    "minResTime" : 4173.0,
    "maxResTime" : 24510.0,
    "pct1ResTime" : 23029.9,
    "pct2ResTime" : 23403.85,
    "pct3ResTime" : 24504.01,
    "throughput" : 4.079800905715801,
    "receivedKBytesPerSec" : 307.74209156093184,
    "sentKBytesPerSec" : 0.45021240463465384
  },
  "Total" : {
    "transaction" : "Total",
    "sampleCount" : 300,
    "errorCount" : 0,
    "errorPct" : 0.0,
    "meanResTime" : 12148.826666666671,
    "medianResTime" : 14529.0,
    "minResTime" : 116.0,
    "maxResTime" : 24756.0,
    "pct1ResTime" : 22837.800000000003,
    "pct2ResTime" : 23267.25,
    "pct3ResTime" : 24046.98,
    "throughput" : 12.115827309074755,
    "receivedKBytesPerSec" : 612.007037276362,
    "sentKBytesPerSec" : 1.782667299382093
  },
  "HTTP Request-0" : {
    "transaction" : "HTTP Request-0",
    "sampleCount" : 100,
    "errorCount" : 0,
    "errorPct" : 0.0,
    "meanResTime" : 159.75,
    "medianResTime" : 141.0,
    "minResTime" : 116.0,
    "maxResTime" : 275.0,
    "pct1ResTime" : 253.9,
    "pct2ResTime" : 268.79999999999995,
    "pct3ResTime" : 275.0,
    "throughput" : 94.87666034155598,
    "receivedKBytesPerSec" : 32.15058704933586,
    "sentKBytesPerSec" : 10.469787713472485
  },
  "HTTP Request" : {
    "transaction" : "HTTP Request",
    "sampleCount" : 100,
    "errorCount" : 0,
    "errorPct" : 0.0,
    "meanResTime" : 18223.759999999995,
    "medianResTime" : 20335.5,
    "minResTime" : 4326.0,
    "maxResTime" : 24756.0,
    "pct1ResTime" : 23224.5,
    "pct2ResTime" : 23537.85,
    "pct3ResTime" : 24748.909999999996,
    "throughput" : 4.038609103024918,
    "receivedKBytesPerSec" : 306.003518638181,
    "sentKBytesPerSec" : 0.8913336496910464
  }
}